Method,MAPE (%),MPE (%),RMSE (kWh/m3)
Configuration A (T),87.37293886104831,-71.58027175028936,0.34058123122405665
Configuration A (BP),88.44832719324476,-62.77228255102835,0.33447328128866977
Configuration B (T),59.26051202670723,-15.84894318480198,0.29250308892206905
Configuration B (BP),69.23528890120647,9.937402595168985,0.2759114113077991
Biogas A,61.268592789534125,-1.532324546527536,0.3002440074430783
Biogas B,67.95134376889906,9.77117881422458,0.2985145896911491
Biogas C,247.6700132346293,236.62411211982592,0.3084425541635204
