Method,"RMSE, Energy Consumption (MJ)","RMSE, Energy Intensity (MJ/m3)","MAPE, Energy Consumption (%)","MAPE, Energy Intensity (%)"
Configuration A (T),249731718.20274046,1.3349369898885644,69.47219965476224,68.99867350663291
Configuration A (BP),207799572.82401967,1.3016256513834872,49.20930235111498,50.27909375877895
Configuration B (T),296615166.99903524,1.3547291036421174,73.7617314488962,72.36738497950442
Configuration B (BP),195181263.63085,1.3677235367715215,51.7466509730894,51.269875514857866
Regression,1028594560.823422,3.0104146330206625,216.9214903164723,215.1498296323826
