Method,RMSE (kWh/m3),MAPE (%),MPE (%)
Flow,0.3690997127221196,43.6417568565728,12.093750665667898
Effluent A,0.36179320932938275,63.064940242097386,51.16365442689352
Effluent B,0.36842706990751145,37.03303033715206,0.7631763730990416
Configuration A (T),0.38645602394306827,43.705867934276505,-5.284109684094353
Configuration A (BP),0.4655755578655979,50.97192164232907,-37.56757771194041
Configuration B (T),0.4136216388608934,46.1124043558901,-7.697696855355026
Configuration B (BP),0.5000844558367169,54.38158451791024,-41.81454953257482
Process A,0.5531807473500914,113.81135945417388,108.49782781256052
Process B,0.4055772107947536,63.59651482113671,50.149522819997074
